Identifier	Class	Order	Family	Genus	Species	Synonym	GSD_type	Sex_chromosome_karyotype	Size_difference	Larger_chromosome	Size_note	GSD_note	GSD_reference	TSD_type	TSD_type_detailed	Low_temperature_sex	Low_temperature_threshold	Intermediate_temperature_sex	High_temperature_sex	High_temperature_threshold	Thermal_sex_reversal_proven	TSD_note	TSD_reference	Sex_reversal_in_nature	Sex_reversal_reference	Polyploid	Polyploid_reference	Other_note	GSD_info_curated_by	TSD_info_curated_by	Taxonomy_reference	Species_
hsdA1.10	Amphibia	Anura	Bufonidae	Bufo	Bufo spinosus x Bufo bufo hybrid?	NA	NA	NA	NA	NA	NA	NA	NA	FM ?	F?-M	female?	10	even	male	25	NA	High mortality at both low (10) and high (25 degrees Celsius) temperature. Species identity is uncertain (see Nemeshazi & Bokony 2022 https://doi.org/10.1002/bies.202200039).	[246], [285]	NA	NA	NA	NA	Species identity is uncertain: published as Bufo vulgaris, but recently hypothesised that B. spinosus and B. bufo hybrids could be used (see Nemesházi & Bokony 2022 https://doi.org/10.1002/bies.202200039).	NA	EN, VB	[5]	Bufo_spinosus x Bufo bufo hybrid?
hsdA1.20	Amphibia	Anura	Dicroglossidae	Euphlyctis	Euphlyctis cyanophlyctis	Rana cyanophlyctis	ZW/ZZ	identified	NA	NA	NA	NA	[16]	FM ?	E-M	NA	NA	even	male	28	NA	Low temperatures (20-22 degrees Celsius) were lethal.	[281]	NA	NA	NA	NA	NA	EN	EN, VB	[5]	Euphlyctis_cyanophlyctis
hsdA1.22	Amphibia	Anura	Dicroglossidae	Hoplobatrachus	Hoplobatrachus rugulosus	NA	NA	NA	NA	NA	NA	NA	NA	FM ?	E-M	NA	NA	even	male	34	NA	NA	[376]	NA	NA	NA	NA	NA	NA	EN, VB	[5]	Hoplobatrachus_rugulosus
hsdA1.25	Amphibia	Anura	Dicroglossidae	Quasipaa	Quasipaa spinosa	NA	NA	NA	NA	NA	NA	NA	NA	FM	F-M	female	16	even	male	31	NA	From abstract (text is Chinese).	[227]	NA	NA	NA	NA	NA	NA	EN, VB	[5]	Quasipaa_spinosa
hsdA1.42	Amphibia	Anura	Hylidae	Hyla	Hyla arborea	NA	XX/XY	homomorphic	NA	NA	NA	NA	[27], [371]	FM ?	E?-M?	NA	NA	even?	male?	30	NA	small sample sizes (3 males, 4 females at 20 degrees Celsius; 6 males, 3 females at 30 degrees Celsius)	[385]	NA	NA	NA	NA	NA	EN, Tree of Sex database	VB	[5]	Hyla_arborea
hsdA1.84	Amphibia	Anura	Pipidae	Xenopus	Xenopus sp. hybrids	NA	NA	NA	NA	NA	NA	NA	NA	MF	M-F	male	17	even	female	26	NA	Data from those triploid and tetraploid hybrids were considered here for which sex ratio data were available at all three studied temperature ranges. 19-21 degrees Celsius caused either no strong sex-ratio bias or male excess, and 26-27 degrees Celsius caused either no strong sex-ratio bias or female excess.	[179]	NA	NA	NA	NA	NA	NA	EN, VB	[5]	Xenopus_sp. hybrids
hsdA1.110	Amphibia	Anura	Ranidae	Rana	Rana catesbeiana	Lithobates catesbeianus	XX/XY	homomorphic	NA	NA	NA	NA	[156], [234]	FM ?	E-M	NA	NA	even	male	30	NA	NA	[142]	NA	NA	NA	NA	NA	EN	EN, VB	[5]	Rana_catesbeiana
hsdA1.113	Amphibia	Anura	Ranidae	Rana	Rana dalmatina	NA	XX/XY	homomorphic	NA	NA	NA	NA	[121], [156], [247]	FM ?	E-M	NA	NA	even	male	28	yes	Low temperatures were not tested.	[384]	XX males	[247]	NA	NA	NA	VB, EN	EN, VB	[5]	Rana_dalmatina
hsdA1.114	Amphibia	Anura	Ranidae	Rana	Rana dybowskii	NA	XX/XY	NA	NA	NA	NA	NA	[408], [410]	FM ?	E-M	NA	NA	even	male	20	yes	No male-to-female sex reversal occured at 15 degrees Celsius in Rana dybowskii (Xu et al. (2022)  https://doi.org/10.1111/1749-4877.12577). We assessed TSD pattern based on individuals that were not fathered by pseudomale.	[409]	XX males	[409]	NA	NA	NA	EN, Tree of Sex database	EN, VB	[5]	Rana_dybowskii
hsdA1.124	Amphibia	Anura	Ranidae	Rana	Rana sylvatica	Lithobates sylvaticus	XX/XY	NA	NA	NA	NA	NA	[42]	FM ?	E-M	NA	NA	even	male	30	NA	Threshold may be lower but sample sizes are too small.	[198], [405]	NA	NA	NA	NA	NA	EN	EN, VB	[5]	Rana_sylvatica
hsdA1.127	Amphibia	Anura	Ranidae	Rana	Rana temporaria	NA	XX/XY	homomorphic	NA	NA	NA	NA	[317], [326]	FM ?	F?-M	female?	10	even	male	25	NA	High mortality at both low (10 degrees Celsius) and high (25 degrees Celsius) temperature in Piquet's study. The temperatures sometimes dropped below 10 degrees Celsius!	[285], [404]	XX males	[3]	NA	NA	supernumerary (B) chromosomes occur (Green & Sessions 1991 Amphibian Cytogenetics and Evolution: page 335)	EN, Tree of Sex database	EN, VB	[5]	Rana_temporaria
hsdA1.144	Amphibia	Caudata	Cryptobranchidae	Andrias	Andrias davidianus	NA	ZW/ZZ	NA	NA	NA	NA	NA	[143]	FM ?	E-M	NA	NA	even	male	28	NA	Mortality rate also increased with temperature elevation, and at 30 degrees Celsius mortality was 100%.	[144]	NA	NA	NA	NA	NA	VB	EN, VB	[5]	Andrias_davidianus
hsdA1.147	Amphibia	Caudata	Hynobiidae	Hynobius	Hynobius retardatus	NA	NA	NA	NA	NA	NA	NA	NA	MF ?	E-F	even?	NA	even	female	28	NA	The lowest temperature tested by Sakata et al (2005) was 16 degrees Celsius. Female-to-male sex reversal by high temperatures was suggested based on sex ratios by Uchida 1937, as cited by Chardard et al. (2004) Thermal sex reversals in amphibians. In: Temperature-dependent sex determination in vertebrates. Pages 59-67.	[313]	NA	NA	NA	NA	NA	NA	EN, VB	[5]	Hynobius_retardatus
hsdA1.180	Amphibia	Caudata	Salamandridae	Ichthyosaura	Ichthyosaura alpestris	Triturus alpestris	XX/XY	identified	no	NA	NA	NA	[217], [326], [334]	TSD uncertain	TSD uncertain	NA	NA	NA	NA	NA	NA	The most female-biased larval sex ratio was found in the warmest of seven ponds: 25 females and 13 males (marginally non-significant sex-ratio bias), the authors concluded no temperature-dependence.	[316]	NA	NA	NA	NA	NA	EN, Tree of Sex database	EN, VB	[5]	Ichthyosaura_alpestris
hsdA1.185	Amphibia	Caudata	Salamandridae	Pleurodeles	Pleurodeles poireti	NA	ZW/ZZ	identified	no	NA	NA	loop patterns in lamp-brush chromosomes differ between males and females	[117], [197]	MF ?	E-F	NA	NA	even	female	30	yes	Sex ratio in hybrids between P. watl and P. poireti is not temperature-sensitive.	[66], [70]	NA	NA	NA	NA	NA	EN, Tree of Sex database	EN, VB	[5]	Pleurodeles_poireti
hsdA1.186	Amphibia	Caudata	Salamandridae	Pleurodeles	Pleurodeles waltl	NA	ZW/ZZ	identified	no	NA	NA	loop patterns in lamp-brush chromosomes differ between males and females	[117], [196]	FM ?	E-M	even	NA	even	male	30	yes	Sex ratio in hybrids between P. watl and P. poireti is not temperature-sensitive.	[66], [67], [68], [69], [396]	NA	NA	NA	NA	NA	EN, Tree of Sex database	EN, VB	[5]	Pleurodeles_waltl
hsdA1.187	Amphibia	Caudata	Salamandridae	Triturus	Triturus carnifex	Triturus cristatus carnifex	XX/XY	NA	NA	NA	NA	NA	[217], [397]	FM	F-M	female	13	even	male	28	yes	NA	[396]	NA	NA	NA	NA	NA	EN	EN, VB	[5]	Triturus_carnifex
hsdA1.188	Amphibia	Caudata	Salamandridae	Triturus	Triturus cristatus	NA	XX/XY	identified	no	NA	NA	NA	[117], [323]	FM	F-M	female	16	even	male	28	yes	NA	[396]	NA	NA	NA	NA	NA	EN, Tree of Sex database	EN, VB	[5]	Triturus_cristatus
hsdA1.195	Reptilia	Crocodylia	Alligatoridae	Alligator	Alligator mississippiensis	NA	NA	NA	NA	NA	NA	NA	NA	FMF	F-M-F	female	31.7	male	female	35.9	NA	NA	[98]	NA	NA	NA	NA	NA	NA	VB, Tree of Sex database	[383]	Alligator_mississippiensis
hsdA1.196	Reptilia	Crocodylia	Alligatoridae	Alligator	Alligator sinensis	NA	NA	NA	NA	NA	NA	NA	NA	FM ?	F?-M?	female?	NA	male	NA	NA	NA	"33-35 degrees Celsius yielded 91% males (n=36), no sample size for low temperature (""""ca. 28 degrees Celsius""""); poor survival >36 degrees Celsius & <27 degrees Celsius"	[201]	NA	NA	NA	NA	NA	NA	VB, Tree of Sex database	[383]	Alligator_sinensis
hsdA1.197	Reptilia	Crocodylia	Alligatoridae	Caiman	Caiman crocodilus	NA	NA	NA	NA	NA	NA	NA	NA	FMF	F-M-F	female	31.2	male	female	33.5	NA	NA	[98]	NA	NA	NA	NA	NA	NA	VB, Tree of Sex database	[383]	Caiman_crocodilus
hsdA1.198	Reptilia	Crocodylia	Alligatoridae	Caiman	Caiman latirostris	NA	NA	NA	NA	NA	NA	NA	NA	FMF	F-M-F	female	31.6	male	female	33	NA	NA	[98]	NA	NA	NA	NA	NA	NA	VB, Tree of Sex database	[383]	Caiman_latirostris
hsdA1.199	Reptilia	Crocodylia	Alligatoridae	Caiman	Caiman yacare	NA	NA	NA	NA	NA	NA	NA	NA	FM	F-M	female	NA	male	NA	NA	NA	thresholds unclear due to missing sample-size information	[35], [283]	NA	NA	NA	NA	NA	NA	VB	[383]	Caiman_yacare
hsdA1.200	Reptilia	Crocodylia	Alligatoridae	Paleosuchus	Paleosuchus trigonatus	NA	NA	NA	NA	NA	NA	NA	NA	FM	F-M	female	31.5	male	NA	NA	NA	>32 degrees Celsius was not tested	[218]	NA	NA	NA	NA	NA	NA	VB, Tree of Sex database	[383]	Paleosuchus_trigonatus
hsdA1.201	Reptilia	Crocodylia	Crocodylidae	Crocodylus	Crocodylus acutus	NA	NA	NA	NA	NA	NA	NA	NA	FMF	F-M-F	female	29.7	male	female	32.9	NA	NA	[98]	NA	NA	NA	NA	NA	NA	VB	[383]	Crocodylus_acutus
hsdA1.202	Reptilia	Crocodylia	Crocodylidae	Crocodylus	Crocodylus johnstoni	Crocodylus johnsoni	NA	NA	NA	NA	NA	NA	NA	FMF ?	F-E?-F	female	31.3	NA	female	32.8	NA	"""""FMF"""" pattern but all sex ratios are female-biased"	[98]	NA	NA	NA	NA	NA	NA	VB, Tree of Sex database	[383]	Crocodylus_johnstoni
hsdA1.203	Reptilia	Crocodylia	Crocodylidae	Crocodylus	Crocodylus moreletii	NA	NA	NA	NA	NA	NA	NA	NA	FMF	F-M-F	female	NA	male	female	33.5	NA	too small sample size for identifying lower threshold (may be 30-32  degrees Celsius)	[98], [201]	NA	NA	NA	NA	NA	NA	VB, Tree of Sex database	[383]	Crocodylus_moreletii
hsdA1.204	Reptilia	Crocodylia	Crocodylidae	Crocodylus	Crocodylus niloticus	NA	NA	NA	NA	NA	NA	NA	NA	FM ?	F-M-E?	female	31.5	male	NA	NA	NA	very small samples ≥ 34 degrees Celsius	[98]	NA	NA	NA	NA	NA	NA	VB, Tree of Sex database	[383]	Crocodylus_niloticus
hsdA1.205	Reptilia	Crocodylia	Crocodylidae	Crocodylus	Crocodylus palustris	NA	NA	NA	NA	NA	NA	NA	NA	FMF ?	F-M-F?	female	31.2	male	female?	33	NA	marginally sign. female bias at 33 degrees Celsius (small sample)	[98]	NA	NA	NA	NA	NA	NA	VB, Tree of Sex database	[383]	Crocodylus_palustris
hsdA1.206	Reptilia	Crocodylia	Crocodylidae	Crocodylus	Crocodylus porosus	NA	NA	NA	NA	NA	NA	NA	NA	FMF	F-M-F	female	30.6	male	female	33.3	NA	NA	[98]	NA	NA	NA	NA	NA	NA	VB, Tree of Sex database	[383]	Crocodylus_porosus
hsdA1.207	Reptilia	Crocodylia	Crocodylidae	Crocodylus	Crocodylus siamensis	NA	NA	NA	NA	NA	NA	NA	NA	FM	F-M	female	32	male	NA	NA	NA	At 32.5 (n=15) and 33 degrees Celsius (n=15),100% and 60% males were produced, respectively.	[201]	NA	NA	NA	NA	NA	NA	VB, Tree of Sex database	[383]	Crocodylus_siamensis
hsdA1.208	Reptilia	Crocodylia	Gavialidae	Gavialis	Gavialis gangeticus	NA	NA	NA	NA	NA	NA	NA	NA	FMF ?	F?-M?-F?	female?	NA	male?	female?	NA	NA	very low sample sizes	[98], [201]	NA	NA	NA	NA	NA	NA	VB, Tree of Sex database	[383]	Gavialis_gangeticus
hsdA1.209	Reptilia	Rhynchocephalia	Sphenodontidae	Sphenodon	Sphenodon punctatus	Sphenodon guntheri	NA	NA	NA	NA	NA	NA	NA	FM	F-M	female	21	even	male	22	NA	pivotal T differs between populations (21.6-22.0 degrees Celsius)	[231], [245]	NA	NA	NA	NA	Genetic studies indicate that Sphenodon punctatus and S. guntheri are best described as a single species.	NA	VB, Tree of Sex database	[383]	Sphenodon_punctatus
hsdA1.211	Reptilia	Squamata	Agamidae	Agama	Agama agama	NA	NA	NA	NA	NA	NA	NA	NA	FM ?	F?-M?	NA	NA	NA	NA	NA	NA	According to Steele et al. (2018; https://doi.org/10.1111/jzo.12560) the species of Charnier's study is unclear, only two incubation temperatures were used and the study had a small sample size. Type 1b was suggested (El Mouden et al. 2001: Effects of Incubation Temperature on Embryonic Development and Sex Determination in the North African Agamid Lizard, Agama impalearis. Herpetological Journal 11: 101-108.)	[43]	NA	NA	NA	NA	NA	NA	VB, Tree of Sex database	[383]	Agama_agama
hsdA1.212	Reptilia	Squamata	Agamidae	Agama	Agama bibronii	Agama impalearis	NA	NA	NA	NA	NA	NA	NA	FMF	F-M-F	female	28	male	female	NA	NA	upper threshold may be 32 or 36 degrees Celsius	[76]	NA	NA	NA	NA	NA	NA	VB, Tree of Sex database	[383]	Agama_bibronii
hsdA1.213	Reptilia	Squamata	Agamidae	Agama	Agama picticauda	NA	NA	NA	NA	NA	NA	NA	NA	FMF	F-M-F	female	28	male	even	32	NA	NA	[366], [367]	NA	NA	NA	NA	NA	NA	EN, VB	[383]	Agama_picticauda
hsdA1.214	Reptilia	Squamata	Agamidae	Amphibolurus	Amphibolurus burnsi	Lophognathus burnsi	NA	NA	NA	NA	NA	NA	NA	FM ?	F?-E?	female?	NA	even?	even?	NA	NA	very small sample sizes	[134]	NA	NA	NA	NA	NA	NA	VB, Tree of Sex database	[383]	Amphibolurus_burnsi
hsdA1.215	Reptilia	Squamata	Agamidae	Amphibolurus	Amphibolurus muricatus	NA	NA	NA	NA	NA	NA	Based on the occurrence of ovotestes during sexual development, existence of a GSD system was hypothesised (Whiteley et al. 2021. https://doi.org/10.1098/rspb.2020.2819)	[422]	FMF ?	F-E-F	female	26	even	female	32	NA	NA	[78], [134], [398]	NA	NA	NA	NA	NA	EN	EN, VB, Tree of Sex database	[383]	Amphibolurus_muricatus
hsdA1.216	Reptilia	Squamata	Agamidae	Calotes	Calotes versicolor	NA	XX/XY or ZW/ZZ	NA	NA	NA	NA	ZW/ZZ system was assumed in India, while potential existence of both ZW/ZZ and XX/XY populations was suggested in Thaliand.	[2], [403]	FMFM	F-M-F-M	female	23.5	complex	male	34	NA	Large sample sizes across 14 temperatures between 22.5 degrees Celsius and 34 degrees Celsius suggest 'FMFM' reaction norm. 35 degrees Celsius is lethal, but mortality rate may be high at 33 degrees Celsius as well, possibly depending on population. The existence of both ZW/ZZ and XX/XY populations were suggested.	[151], [158]	NA	NA	NA	NA	NA	VB	EN, VB, Tree of Sex database	[383]	Calotes_versicolor
hsdA1.217	Reptilia	Squamata	Agamidae	Chlamydosaurus	Chlamydosaurus kingii	NA	NA	NA	NA	NA	NA	NA	NA	FM ?	F-M?	female	26	even	NA	NA	NA	at 33±5 degrees Celsius zero males, 8 females and 4 unsexed individuals (died early), so high temperature yields either female-biased or even sex ratios	[134]	NA	NA	NA	NA	NA	NA	EN, VB, Tree of Sex database	[383]	Chlamydosaurus_kingii
hsdA1.218	Reptilia	Squamata	Agamidae	Ctenophorus	Ctenophorus decresii	NA	NA	NA	NA	NA	NA	NA	NA	FM ?	F-E?	female	26	even?	NA	NA	NA	sample sizes too low above 27.5 degrees Celsius	[134]	NA	NA	NA	NA	NA	NA	EN, VB, Tree of Sex database	[383]	Ctenophorus_decresii
hsdA1.220	Reptilia	Squamata	Agamidae	Ctenophorus	Ctenophorus ornatus	NA	NA	NA	NA	NA	NA	NA	NA	TSD uncertain	TSD uncertain	NA	NA	NA	NA	NA	NA	the only info available is that no males hatched at 25 degrees Celsius	[134]	NA	NA	NA	NA	NA	NA	VB, Tree of Sex database	[383]	Ctenophorus_ornatus
hsdA1.221	Reptilia	Squamata	Agamidae	Ctenophorus	Ctenophorus pictus	NA	NA	NA	NA	NA	NA	NA	NA	FM ?	F-E	female	28	even	NA	NA	NA	for 30 and 32 degrees Celsius n=14 and 13, males 36% and 46% did not differ significantly from 1:1	[131]	NA	NA	NA	NA	NA	NA	EN, VB, Tree of Sex database	[383]	Ctenophorus_pictus
hsdA1.223	Reptilia	Squamata	Agamidae	Intellagama	Intellagama lesueurii	Physignathus lesueurii	NA	NA	NA	NA	NA	NA	NA	FMF	F-M-F	female	25	male	female	29	NA	NA	[134]	NA	NA	NA	NA	NA	NA	EN, VB, Tree of Sex database	[383]	Intellagama_lesueurii
hsdA1.224	Reptilia	Squamata	Agamidae	Laudakia	Laudakia stellio	Agama stellio	NA	NA	NA	NA	NA	NA	NA	FM ?	F?-M?	NA	NA	NA	NA	NA	NA	pattern 1b was suggested, but data of original report (breeding book) not accessible	[76]	NA	NA	NA	NA	NA	NA	VB, Tree of Sex database	[383]	Laudakia_stellio
hsdA1.225	Reptilia	Squamata	Agamidae	Lophognathus	Lophognathus gilberti	NA	NA	NA	NA	NA	NA	NA	NA	TSD uncertain	TSD uncertain	NA	NA	NA	NA	NA	NA	sample sizes too small for inferring a temperature effect	[134]	NA	NA	NA	NA	NA	NA	VB, Tree of Sex database	[383]	Lophognathus_gilberti
hsdA1.226	Reptilia	Squamata	Agamidae	Paralaudakia	Paralaudakia caucasia	Agama caucasia	NA	NA	NA	NA	NA	NA	NA	FMF ?	F?-M?-F?	NA	NA	NA	NA	NA	NA	FMF pattern was suggested (El Mouden et al. 2001), but data of original report (breeding book) not accessible	[76]	NA	NA	NA	NA	NA	NA	VB, Tree of Sex database	[383]	Paralaudakia_caucasia
hsdA1.229	Reptilia	Squamata	Agamidae	Pogona	Pogona vitticeps	NA	ZW/ZZ	identified	NA	NA	NA	NA	[134]	MF ?	E-F	even	NA	even	female	32	yes	lowest temperature tested was 22 degrees Celsius	[140]	ZZ females	[39], [140]	NA	NA	NA	Tree of Sex database	EN, VB	[383]	Pogona_vitticeps
hsdA1.230	Reptilia	Squamata	Agamidae	Tropicagama	Tropicagama temporalis	Lophognathus temporalis	NA	NA	NA	NA	NA	NA	NA	FMF ?	F-E-F	female	27	even	female	33.2	NA	32 degrees Celsius yielded 60% males (n=28, N.S.)	[134]	NA	NA	NA	NA	NA	NA	EN, VB, Tree of Sex database	[383]	Tropicagama_temporalis
hsdA1.232	Reptilia	Squamata	Anguidae	Elgaria	Elgaria multicarinata	Gerrhonotus multicarinatus	NA	NA	NA	NA	NA	NA	NA	TSD uncertain	TSD uncertain	NA	NA	NA	NA	NA	NA	no sample sizes or hatchling sex ratios were given in the citation 	[134]	NA	NA	NA	NA	NA	NA	VB, Tree of Sex database	[383]	Elgaria_multicarinata
hsdA1.247	Reptilia	Squamata	Chamaeleonidae	Chamaeleo	Chamaeleo calyptratus	NA	XX/XY	NA	NA	NA	NA	A previously described Y-specific marker mapped to chromosome 5.	[15], [249], [380]	TSD uncertain	TSD uncertain	even	NA	even	even	NA	NA	An interaction between egg size and temperature was also suggested. Small eggs produced mostly males at intermediate temperature (28 degrees Celsius) and females at both low (25 degrees Celsius) and high (30  degrees Celsius) temperatures, while the opposite pattern was found for large eggs (Andrews 2018 https://doi.org/10.1002/jez.2160).	[8], [15]	NA	NA	NA	NA	NA	VB, EN	EN, VB	[383]	Chamaeleo_calyptratus
hsdA1.248	Reptilia	Squamata	Chamaeleonidae	Chamaeleo	Chamaeleo chamaeleon	NA	XX/XY	identified	NA	NA	NA	sex chromsosomes: the 2nd chr pair	[351]	TSD uncertain	TSD uncertain	NA	NA	NA	NA	NA	NA	27-29 degrees Celsius produced only females, other temperatures were not tested	[15]	NA	NA	NA	NA	NA	EN	VB, Tree of Sex database	[383]	Chamaeleo_chamaeleon
hsdA1.249	Reptilia	Squamata	Chamaeleonidae	Furcifer	Furcifer lateralis	Chamaeleo lateralis	NA	NA	NA	NA	NA	NA	NA	TSD uncertain	TSD uncertain	NA	NA	NA	NA	NA	NA	data from breeding book not accessible	[134]	NA	NA	NA	NA	NA	NA	VB, Tree of Sex database	[383]	Furcifer_lateralis
hsdA1.321	Reptilia	Squamata	Crotaphytidae	Crotaphytus	Crotaphytus collaris	NA	XX/XY	NA	NA	NA	NA	NA	[402]	MFM ?	M?-F?-M?	male?	27	female?	male?	35	NA	Low sample sizes, but a MFM trend was observable. Sex ratios did not differ significantly from 1:1; authors admit the possibility of sex-dependent mortality.	[315], [401]	NA	NA	NA	NA	NA	EN	EN, VB	[383]	Crotaphytus_collaris
hsdA1.353	Reptilia	Squamata	Diplodactylidae	Correlophus	Correlophus ciliatus	Rhacodactylus ciliatus	ZW/ZZ	NA	NA	NA	NA	NA	[89]	TSD uncertain	TSD uncertain	NA	NA	NA	NA	NA	NA	"""""Although no sample sizes or hatchling sex ratios are given, Seipp & Henkel’s (2000) data are suggestive of a FMF pattern"""" (Seipp & Henkel is a book: """"Rhacodactylus: Biology, Natural History and Husbandry"""")"	[134]	NA	NA	NA	NA	NA	VB, EN	EN, VB, Tree of Sex database	[383]	Correlophus_ciliatus
hsdA1.354	Reptilia	Squamata	Diplodactylidae	Correlophus	Correlophus sarasinorum	Rhacodactylus sarasinorum	NA	NA	NA	NA	NA	NA	NA	FMF ?	F?-M?-F?	female?	NA	male?	female?	NA	NA	FMF pattern suggested, but data of original report (breeding book) not accessible	[134]	NA	NA	NA	NA	NA	NA	VB, Tree of Sex database	[383]	Correlophus_sarasinorum
hsdA1.355	Reptilia	Squamata	Diplodactylidae	Mniarogekko	Mniarogekko chahoua	Rhacodactylus chahoua	NA	NA	NA	NA	NA	NA	NA	FMF ?	F?-M?-F?	female?	NA	male?	female?	NA	NA	FMF pattern suggested, but data of original report (breeding book) not accessible	[134]	NA	NA	NA	NA	NA	NA	VB, Tree of Sex database	[383]	Mniarogekko_chahoua
hsdA1.356	Reptilia	Squamata	Diplodactylidae	Rhacodactylus	Rhacodactylus auriculatus	NA	NA	NA	NA	NA	NA	NA	NA	TSD uncertain	TSD uncertain	NA	NA	NA	NA	NA	NA	no sample sizes or hatchling sex ratios are given in the cited source	[134]	NA	NA	NA	NA	NA	NA	VB, Tree of Sex database	[383]	Rhacodactylus_auriculatus
hsdA1.357	Reptilia	Squamata	Diplodactylidae	Rhacodactylus	Rhacodactylus leachianus	NA	NA	NA	NA	NA	NA	NA	NA	TSD uncertain	TSD uncertain	NA	NA	NA	NA	NA	NA	no sample sizes or hatchling sex ratios are given in the cited source	[134]	NA	NA	NA	NA	NA	NA	VB, Tree of Sex database	[383]	Rhacodactylus_leachianus
hsdA1.436	Reptilia	Squamata	Eublepharidae	Eublepharis	Eublepharis macularius	NA	NA	NA	NA	NA	NA	NA	NA	FMF	F-M-F	female	30	male	female	34	NA	The reported female excess at high temperatures was close to the lethal maximum temperature. (Viets et al. 1993 https://doi.org/10.1002/jez.1402650610)	[392]	NA	NA	NA	NA	NA	NA	EN, VB, Tree of Sex database	[383]	Eublepharis_macularius
hsdA1.437	Reptilia	Squamata	Eublepharidae	Goniurosaurus	Goniurosaurus kuroiwae	NA	NA	NA	NA	NA	NA	NA	NA	TSD uncertain	TSD uncertain	NA	NA	NA	NA	NA	NA	data from breeding book not accessible	[87]	NA	NA	NA	NA	NA	NA	VB	[383]	Goniurosaurus_kuroiwae
hsdA1.438	Reptilia	Squamata	Eublepharidae	Goniurosaurus	Goniurosaurus orientalis	NA	NA	NA	NA	NA	NA	NA	NA	TSD uncertain	TSD uncertain	NA	NA	NA	NA	NA	NA	data from breeding book not accessible	[87]	NA	NA	NA	NA	NA	NA	VB	[383]	Goniurosaurus_orientalis
hsdA1.439	Reptilia	Squamata	Eublepharidae	Goniurosaurus	Goniurosaurus splendens	NA	NA	NA	NA	NA	NA	NA	NA	TSD uncertain	TSD uncertain	NA	NA	NA	NA	NA	NA	data from breeding book not accessible	[87]	NA	NA	NA	NA	NA	NA	VB	[383]	Goniurosaurus_splendens
hsdA1.440	Reptilia	Squamata	Eublepharidae	Hemitheconyx	Hemitheconyx caudicinctus	NA	NA	NA	NA	NA	NA	NA	NA	FMF	F-M-F	female	30	male	female	34	NA	NA	[391]	NA	NA	NA	NA	NA	NA	EN, VB, Tree of Sex database	[383]	Hemitheconyx_caudicinctus
hsdA1.452	Reptilia	Squamata	Gekkonidae	Gekko	Gekko japonicus	NA	XX/XY	identified	NA	NA	NA	NA	[413]	FMF	F-M-F	female	25.5	male	female	31.5	NA	Based on 3 populations (Fig.1). Temperature thresholds may differ between populations.	[207], [381]	NA	NA	NA	NA	NA	Tree of Sex database	EN, VB, Tree of Sex database	[383]	Gekko_japonicus
hsdA1.466	Reptilia	Squamata	Gekkonidae	Phelsuma	Phelsuma abbotti	NA	NA	NA	NA	NA	NA	NA	NA	TSD uncertain	TSD uncertain	NA	NA	NA	NA	NA	NA	the only info given is 14% male at 28 degrees Celsius (N=7)	[391]	NA	NA	NA	NA	NA	NA	VB, Tree of Sex database	[383]	Phelsuma_abbotti
hsdA1.467	Reptilia	Squamata	Gekkonidae	Phelsuma	Phelsuma dubia	NA	NA	NA	NA	NA	NA	NA	NA	TSD uncertain	TSD uncertain	NA	NA	NA	NA	NA	NA	the only info given is 0% male at 28 degrees Celsius (N=9)	[391]	NA	NA	NA	NA	NA	NA	VB, Tree of Sex database	[383]	Phelsuma_dubia
hsdA1.468	Reptilia	Squamata	Gekkonidae	Phelsuma	Phelsuma grandis	Phelsuma madagascariensis grandis	NA	NA	NA	NA	NA	NA	NA	FMF ?	F-E?-F?	female	26	even?	female?	32?	NA	"""""FMF"""" pattern but all sex ratios are female-biased, small sample sizes at extreme temperatures"	[391]	NA	NA	NA	NA	NA	NA	EN, VB, Tree of Sex database	[383]	Phelsuma_grandis
hsdA1.469	Reptilia	Squamata	Gekkonidae	Phelsuma	Phelsuma guentheri	NA	NA	NA	NA	NA	NA	NA	NA	TSD uncertain	TSD uncertain	NA	NA	NA	NA	NA	NA	the only info given is female-biased sex ratio at a single temperature	[391]	NA	NA	NA	NA	NA	NA	VB, Tree of Sex database	[383]	Phelsuma_guentheri
hsdA1.470	Reptilia	Squamata	Gekkonidae	Phelsuma	Phelsuma guimbeaui	NA	NA	NA	NA	NA	NA	NA	NA	TSD uncertain	TSD uncertain	NA	NA	NA	NA	NA	NA	only males were produced at different temperatures	[391]	NA	NA	NA	NA	NA	NA	VB, Tree of Sex database	[383]	Phelsuma_guimbeaui
hsdA1.471	Reptilia	Squamata	Gekkonidae	Phelsuma	Phelsuma laticauda	NA	NA	NA	NA	NA	NA	NA	NA	TSD uncertain	TSD uncertain	NA	NA	NA	NA	NA	NA	The only info available is that only females were produced at 26-30 degrees Celsius	[391]	NA	NA	NA	NA	NA	NA	EN, VB, Tree of Sex database	[383]	Phelsuma_laticauda
hsdA1.472	Reptilia	Squamata	Gekkonidae	Phelsuma	Phelsuma lineata	Phelsuma lineata prusila	NA	NA	NA	NA	NA	NA	NA	TSD uncertain	TSD uncertain	NA	NA	NA	NA	NA	NA	the only info available is 0% male at 28 degrees Celsius (N = 30)	[391]	NA	NA	NA	NA	NA	NA	EN, VB, Tree of Sex database	[383]	Phelsuma_lineata
hsdA1.473	Reptilia	Squamata	Gekkonidae	Phelsuma	Phelsuma madagascariensis	Phelsuma madagascariensis kochi	NA	NA	NA	NA	NA	NA	NA	TSD uncertain	TSD uncertain	NA	NA	NA	NA	NA	NA	the only info given is 39% male at 28 degrees Celsius  (N = 18).	[391]	NA	NA	NA	NA	NA	NA	EN, VB, Tree of Sex database	[383]	Phelsuma_madagascariensis
hsdA1.493	Reptilia	Squamata	Iguanidae	Dipsosaurus	Dipsosaurus dorsalis	NA	NA	NA	NA	NA	NA	NA	NA	FMF ?	E-M-E	even	30?	male	even	38	NA	sample sizes were low, but significant male bias at 34 degrees Celsius, ca. 35% males at 30 and 38  degrees Celsius (N.S.)	[391]	NA	NA	NA	NA	NA	NA	EN, VB	[383]	Dipsosaurus_dorsalis
hsdA1.513	Reptilia	Squamata	Lacertidae	Eremias	Eremias multiocellata	NA	ZW/ZZ	identified	NA	NA	NA	NA	[375]	FM	F-M	female	25	even	male	35	NA	Viviparous species. Mean temperature during the breeding season varies between populations: 18.3 degrees Celsius in Minquin, 7.1 degrees Celsius in Tianzhu.	[375], [418]	NA	NA	NA	NA	NA	Tree of Sex database	EN, VB, Tree of Sex database	[383]	Eremias_multiocellata
hsdA1.555	Reptilia	Squamata	Lacertidae	Podarcis	Podarcis pityusensis	NA	ZW/ZZ	NA	NA	NA	NA	based on relative gene dosage	[309]	TSD uncertain	TSD uncertain	NA	NA	NA	NA	NA	NA	the only info given is 1 male:10-15 females at 29 degrees Celsius	[134]	NA	NA	NA	NA	NA	EN	VB, Tree of Sex database	[383]	Podarcis_pityusensis
hsdA1.562	Reptilia	Squamata	Lacertidae	Takydromus	Takydromus septentrionalis	NA	NA	NA	NA	NA	NA	NA	NA	FM ?	E-M	NA	NA	even	male	33	NA	Lowest tested temperature was 24 degrees Celsius	[71]	NA	NA	NA	NA	NA	NA	VB	[383]	Takydromus_septentrionalis
hsdA1.627	Reptilia	Squamata	Phyllodactylidae	Tarentola	Tarentola angustimentalis	NA	NA	NA	NA	NA	NA	NA	NA	TSD uncertain	TSD uncertain	NA	NA	NA	NA	NA	NA	no data available (Viets et al. cite an 1985 German paper)	[391]	NA	NA	NA	NA	NA	NA	VB, Tree of Sex database	[383]	Tarentola_angustimentalis
hsdA1.628	Reptilia	Squamata	Phyllodactylidae	Tarentola	Tarentola annularis	NA	NA	NA	NA	NA	NA	NA	NA	TSD uncertain	TSD uncertain	NA	NA	NA	NA	NA	NA	no data available (Viets et al. cite an 1985 German paper)	[391]	NA	NA	NA	NA	NA	NA	VB, Tree of Sex database	[383]	Tarentola_annularis
hsdA1.629	Reptilia	Squamata	Phyllodactylidae	Tarentola	Tarentola boettgeri	NA	NA	NA	NA	NA	NA	NA	NA	TSD uncertain	TSD uncertain	NA	NA	NA	NA	NA	NA	"The only info given in the paper is: """"only females (N=23) were produced at 28 and 30 degrees Celsius"""""	[391]	NA	NA	NA	NA	NA	NA	EN, VB, Tree of Sex database	[383]	Tarentola_boettgeri
hsdA1.630	Reptilia	Squamata	Phyllodactylidae	Tarentola	Tarentola delalandii	NA	NA	NA	NA	NA	NA	NA	NA	TSD uncertain	TSD uncertain	NA	NA	NA	NA	NA	NA	no data available (Viets et al. cite an 1985 German paper)	[391]	NA	NA	NA	NA	NA	NA	VB, Tree of Sex database	[383]	Tarentola_delalandii
hsdA1.631	Reptilia	Squamata	Phyllodactylidae	Tarentola	Tarentola gomerensis	NA	NA	NA	NA	NA	NA	NA	NA	TSD uncertain	TSD uncertain	NA	NA	NA	NA	NA	NA	no data available (Viets et al. cite an 1985 German paper)	[391]	NA	NA	NA	NA	NA	NA	VB, Tree of Sex database	[383]	Tarentola_gomerensis
hsdA1.632	Reptilia	Squamata	Phyllodactylidae	Tarentola	Tarentola mauritanica	NA	NA	NA	NA	NA	NA	NA	NA	MF ?	M?-F	NA	NA	NA	female	27	NA	"Only 2 survived at 25 degrees Celsius, both males. Female bias at 28 degrees Celsius (94.4% female, survival: 19 out of 21) and 30 degrees Celsius (all females, survival: 7 out of 21; Marques et al 2022). The only info given in Viets et al (1994) was: """"only females (N=33) were produced at 27, 29, and 30 degrees Celsius."""""	[221], [391]	NA	NA	NA	NA	NA	NA	EN, VB, Tree of Sex database	[383]	Tarentola_mauritanica
hsdA1.647	Reptilia	Squamata	Scincidae	Acritoscincus	Acritoscincus duperreyi	Bassiana duperreyi	XX/XY	identified	NA	NA	NA	NA	[349]	MF ?	M-E	male	17	even	even?	NA	yes	23 degrees Celsius was the highest temperature tested  (ca. 44% males, N.S.).	[350]	XX males	[63]	NA	NA	NA	Tree of Sex database	EN, VB, Tree of Sex database	[383]	Acritoscincus_duperreyi
hsdA1.648	Reptilia	Squamata	Scincidae	Carinascincus	Carinascincus ocellatus	Niveoscincus ocellatus	XX/XY	homomorphic	NA	NA	NA	NA	[137], [138]	MF ?	M-E	male	29.5	even	even?	NA	yes	Viviparous, proportion of XX males was negligible at 33  degrees Celsius (the only 'high' temperature tested), see Fig 1b. TSD may operate in lowland but not highland populations	[139]	NA	NA	NA	NA	NA	VB	EN, VB, Tree of Sex database	[383]	Carinascincus_ocellatus
hsdA1.651	Reptilia	Squamata	Scincidae	Eulamprus	Eulamprus heatwolei	NA	XX/XY	NA	NA	NA	NA	NA	[54]	TSD uncertain	TSD uncertain	NA	NA	NA	NA	NA	NA	"Although this species is cited by several papers as having TSD, the only supporting evidence is a personal communication that """"sex ratio is skewed when females are given very limited basking opportunities"""" (D. Allsop)"	[202]	NA	NA	NA	NA	NA	VB	VB, Tree of Sex database	[383]	Eulamprus_heatwolei
hsdA1.652	Reptilia	Squamata	Scincidae	Eulamprus	Eulamprus tympanum	NA	NA	NA	NA	NA	NA	NA	NA	FM ?	F?-M	NA	NA	even	male	30	NA	viviparous; 25 degrees Celsius yielded even sex ratios, lower temperatures were not tested	[294]	NA	NA	NA	NA	NA	NA	EN, VB, Tree of Sex database	[383]	Eulamprus_tympanum
hsdA1.667	Reptilia	Squamata	Scincidae	Sphenomorphus	Sphenomorphus indicus	NA	NA	NA	NA	NA	NA	NA	NA	FM	F-M	female	24	NA	male	28	NA	only 2 temperatures tested	[157]	NA	NA	NA	NA	NA	NA	VB, Tree of Sex database	[383]	Sphenomorphus_indicus
hsdA1.693	Reptilia	Squamata	Tropiduridae	Tropidurus	Tropidurus torquatus	NA	complex XX/XY	identified	NA	NA	NA	X1X2Y	[61]	MFM ?	E-F-E	even	28.7	female	even	32.5	NA	sex-dependent mortality cannot be excluded	[62]	NA	NA	NA	NA	NA	Tree of Sex database	VB	[383]	Tropidurus_torquatus
hsdA1.718	Reptilia	Squamata	Varanidae	Varanus	Varanus salvator	NA	ZW/ZZ	identified	NA	NA	NA	Previously thought as TSD, but female heterogametic based on relative gene dosage; subspecies macromaculatus and kmaini are both ZW/ZZ	[147], [306]	TSD uncertain	TSD uncertain	NA	NA	NA	NA	NA	NA	sample sizes small, sexing uncertain	[134]	NA	NA	NA	NA	NA	EN	VB, Tree of Sex database	[383]	Varanus_salvator
hsdA1.745	Reptilia	Squamata	Viperidae	Deinagkistrodon	Deinagkistrodon acutus	NA	NA	NA	NA	NA	NA	NA	NA	FM ?	E-M	NA	NA	even	male	28	NA	sex-dependent mortality cannot be excluded	[209]	NA	NA	NA	NA	NA	NA	VB	[383]	Deinagkistrodon_acutus
hsdA1.761	Reptilia	Testudines	Carettochelyidae	Carettochelys	Carettochelys insculpta	NA	NA	NA	NA	NA	NA	NA	NA	MF	M-F	male	31.52	even	female	32	NA	NA	[187]	NA	NA	NA	NA	NA	NA	VB, ROSIE, Tree of Sex database	[383]	Carettochelys_insculpta
hsdA1.775	Reptilia	Testudines	Chelidae	Phrynops	Phrynops geoffroanus	NA	NA	NA	NA	NA	NA	NA	NA	TSD uncertain	TSD uncertain	even	NA	even	male?	32	NA	even sex ratios at 25, 27, 30  degrees Celsius; non-significant male bias at 32 degrees Celsius (11:5)	[80]	NA	NA	NA	NA	NA	NA	EN, VB	[383]	Phrynops_geoffroanus
hsdA1.776	Reptilia	Testudines	Chelidae	Phrynops	Phrynops hilarii	NA	NA	NA	NA	NA	NA	NA	NA	TSD uncertain	TSD uncertain	female?	27	even	NA	NA	NA	marginally sign. female bias at 25 degrees Celsius; sample size too low at 32 degrees Celsius	[80]	NA	NA	NA	NA	NA	NA	EN, VB	[383]	Phrynops_hilarii
hsdA1.778	Reptilia	Testudines	Cheloniidae	Caretta	Caretta caretta	NA	NA	NA	NA	NA	NA	NA	NA	MF	M-F	male	27.1	even	female	31.2	NA	Thresholds are taken from the TRT in Lolavar & Wyneken (2020) https://doi.org/10.1016/j.zool.2019.125739	[187]	NA	NA	NA	NA	NA	NA	VB, ROSIE, Tree of Sex database	[383]	Caretta_caretta
hsdA1.779	Reptilia	Testudines	Cheloniidae	Chelonia	Chelonia mydas	NA	NA	NA	NA	NA	NA	NA	NA	MF	M-F	male	27.9	even	female	31.5	NA	thresholds differ across populations; average of 3 populations are given here from Bentley et al. (2020) https://doi.org/10.1111/1365-2435.13645	[187]	NA	NA	NA	NA	NA	NA	VB, ROSIE, Tree of Sex database	[383]	Chelonia_mydas
hsdA1.780	Reptilia	Testudines	Cheloniidae	Eretmochelys	Eretmochelys imbricata	NA	NA	NA	NA	NA	NA	NA	NA	MF	M-F	male	28.72	even	female	31.14	NA	thresholds estimated from ROSIE with tsd {embryogrowth} in R	[187]	NA	NA	NA	NA	NA	NA	VB, ROSIE, Tree of Sex database	[383]	Eretmochelys_imbricata
hsdA1.781	Reptilia	Testudines	Cheloniidae	Lepidochelys	Lepidochelys kempii	NA	NA	NA	NA	NA	NA	NA	NA	MF	M-F	male	30.25?	even	female	30.8	NA	We ignored 3 data from ROSIE (Shaver et al. 1988) that seem to refer to female-biased mortality rather than sex determination.	[187]	NA	NA	NA	NA	NA	NA	VB, ROSIE, Tree of Sex database	[383]	Lepidochelys_kempii
hsdA1.782	Reptilia	Testudines	Cheloniidae	Lepidochelys	Lepidochelys olivacea	NA	NA	NA	NA	NA	NA	NA	NA	MF	M-F	male	27.1	even	female	32.9	NA	TRT thresholds from Sandoval et al. (2017). Expansion of the transitional range of temperature for sea turtle Lepidochelys olivacea from sex ratio data at controlled incubation temperatures. Herpetology Notes, 10, 63-65.	[187]	NA	NA	NA	NA	NA	NA	VB, ROSIE, Tree of Sex database	[383]	Lepidochelys_olivacea
hsdA1.783	Reptilia	Testudines	Cheloniidae	Natator	Natator depressus	NA	NA	NA	NA	NA	NA	NA	NA	MF	M-F	male	28.87	even	female	31.17	NA	thresholds differ across populations, average of 3 populations are given here from Bentley et al. (2020) https://doi.org/10.1111/1365-2435.13645	[187]	NA	NA	NA	NA	NA	NA	VB, ROSIE, Tree of Sex database	[383]	Natator_depressus
hsdA1.784	Reptilia	Testudines	Chelydridae	Chelydra	Chelydra rossignonii	NA	NA	NA	NA	NA	NA	NA	NA	MF	M-F	male	25	even?	female	28?	NA	"""""Chelydra serpentina"""" in the paper; species re-assignment taken from ROSIE"	[393]	NA	NA	NA	NA	NA	NA	VB, ROSIE	[383]	Chelydra_rossignonii
hsdA1.785	Reptilia	Testudines	Chelydridae	Chelydra	Chelydra serpentina	NA	NA	NA	NA	NA	NA	NA	NA	FMF	F-M-F	female	22.37	male	female	26.79	NA	TRT thresholds are averaged over 6 populations from Table 2 in Ewert et al. (2005) https://doi.org/10.1017/S0952836904006120	[187]	NA	NA	NA	NA	NA	NA	EN, VB, ROSIE, Tree of Sex database	[383]	Chelydra_serpentina
hsdA1.786	Reptilia	Testudines	Chelydridae	Macrochelys	Macrochelys temminckii	NA	NA	NA	NA	NA	NA	NA	NA	FMF	F-M-F	female	22.5	male	female	28.25	NA	NA	[187]	NA	NA	NA	NA	NA	NA	EN, VB, ROSIE, Tree of Sex database	[383]	Macrochelys_temminckii
hsdA1.787	Reptilia	Testudines	Dermatemydidae	Dermatemys	Dermatemys mawii	NA	NA	NA	NA	NA	NA	NA	NA	MF	M-F	male	25	even	female	29	NA	sample sizes between 9 and 14 / temperature	[393]	NA	NA	NA	NA	NA	NA	VB, ROSIE, Tree of Sex database	[383]	Dermatemys_mawii
hsdA1.788	Reptilia	Testudines	Dermochelyidae	Dermochelys	Dermochelys coriacea	NA	NA	NA	NA	NA	NA	NA	NA	MF	M-F	male	29	even	female	29.9	NA	TRT thresholds are averaged between 2 populations from Chevalier et al. (1999) https://doi.org/10.1016/S0003-4339(00)88882-6 (Fig.1)	[187]	NA	NA	NA	NA	NA	NA	VB, ROSIE, Tree of Sex database	[383]	Dermochelys_coriacea
hsdA1.789	Reptilia	Testudines	Emydidae	Actinemys	Actinemys marmorata	Emys marmorata; Clemmys marmorata	NA	NA	NA	NA	NA	NA	NA	MF	M-F	male	27	NA	female	30	NA	embryos that spent ≥30% of the middle third of the incubation period above 29 degrees Celsius were more likely female (Christie & Geist (2017) https://doi.org/10.1086/689409)	[187]	NA	NA	NA	NA	NA	NA	VB, ROSIE, Tree of Sex database	[383]	Actinemys_marmorata
hsdA1.790	Reptilia	Testudines	Emydidae	Chrysemys	Chrysemys dorsalis	NA	NA	NA	NA	NA	NA	NA	NA	MF	M-F	male	26	even	female	28	NA	"""""Chrysemys picta (TN)"""" in the paper; species re-assignment taken from ROSIE"	[187]	NA	NA	NA	NA	NA	NA	VB, ROSIE	[383]	Chrysemys_dorsalis
hsdA1.791	Reptilia	Testudines	Emydidae	Chrysemys	Chrysemys picta	NA	NA	NA	NA	NA	NA	NA	NA	MF	M-F	male	26.7	even	female	29.8	NA	"TRT thresholds are averaged over 12 populations from Carter et al. (2019) https://doi.org/10.1111/1365-2435.13410 (""""all populations"""" in Fig.2)"	[187]	NA	NA	NA	NA	NA	NA	EN, VB, ROSIE, Tree of Sex database	[383]	Chrysemys_picta
hsdA1.792	Reptilia	Testudines	Emydidae	Clemmys	Clemmys guttata	NA	NA	NA	NA	NA	NA	NA	NA	MF	M-F	male	27	even	female	30	NA	NA	[80]	NA	NA	NA	NA	NA	NA	EN, VB, ROSIE, Tree of Sex database	[383]	Clemmys_guttata
hsdA1.793	Reptilia	Testudines	Emydidae	Deirochelys	Deirochelys reticularia	NA	NA	NA	NA	NA	NA	NA	NA	MF	M-F	male	28	even	female	30	NA	NA	[80]	NA	NA	NA	NA	NA	NA	EN, VB, ROSIE, Tree of Sex database	[383]	Deirochelys_reticularia
hsdA1.794	Reptilia	Testudines	Emydidae	Emydoidea	Emydoidea blandingii	Emys blandingii	NA	NA	NA	NA	NA	NA	NA	MF	M-F	male	26.5	NA	female	30	NA	NA	[187]	NA	NA	NA	NA	NA	NA	EN, VB, ROSIE, Tree of Sex database	[383]	Emydoidea_blandingii
hsdA1.795	Reptilia	Testudines	Emydidae	Emys	Emys orbicularis	NA	NA	NA	NA	NA	NA	NA	NA	MF	M-F	male	28	even	female	29	NA	NA	[187]	NA	NA	NA	NA	NA	NA	VB, ROSIE, Tree of Sex database	[383]	Emys_orbicularis
hsdA1.798	Reptilia	Testudines	Emydidae	Graptemys	Graptemys barbouri	NA	NA	NA	NA	NA	NA	NA	NA	MF	M-F	male	28	NA	female	29	NA	NA	[187]	NA	NA	NA	NA	NA	NA	EN, VB, ROSIE, Tree of Sex database	[383]	Graptemys_barbouri
hsdA1.799	Reptilia	Testudines	Emydidae	Graptemys	Graptemys caglei	NA	NA	NA	NA	NA	NA	NA	NA	MF	M-F	male	29.5	NA	female	30.5	NA	the only high temperature tested was 30.5 degrees Celsius with n=10	[400]	NA	NA	NA	NA	NA	NA	VB, ROSIE	[383]	Graptemys_caglei
hsdA1.800	Reptilia	Testudines	Emydidae	Graptemys	Graptemys geographica	NA	NA	NA	NA	NA	NA	NA	NA	MF	M-F	male	28	NA	female	30	NA	NA	[187]	NA	NA	NA	NA	NA	NA	EN, VB, ROSIE, Tree of Sex database	[383]	Graptemys_geographica
hsdA1.801	Reptilia	Testudines	Emydidae	Graptemys	Graptemys nigrinoda	NA	NA	NA	NA	NA	NA	NA	NA	MF ?	M?-F?	male?	25?	NA	female?	30?	NA	Only 25 and 30  degrees Celsius were tested; n=6 and 7, respectively.	[79]	NA	NA	NA	NA	NA	NA	EN, VB, ROSIE, Tree of Sex database	[383]	Graptemys_nigrinoda
hsdA1.802	Reptilia	Testudines	Emydidae	Graptemys	Graptemys ouachitensis	NA	NA	NA	NA	NA	NA	NA	NA	MF	M-F	male	29.3	NA	female	30	NA	NA	[187]	NA	NA	NA	NA	NA	NA	EN, VB, ROSIE, Tree of Sex database	[383]	Graptemys_ouachitensis
hsdA1.803	Reptilia	Testudines	Emydidae	Graptemys	Graptemys pseudogeographica	NA	NA	NA	NA	NA	NA	NA	NA	MF	M-F	male	28?	NA	female	29.5?	NA	NA	[187]	NA	NA	NA	NA	NA	NA	EN, VB, ROSIE, Tree of Sex database	[383]	Graptemys_pseudogeographica
hsdA1.804	Reptilia	Testudines	Emydidae	Graptemys	Graptemys pulchra	NA	NA	NA	NA	NA	NA	NA	NA	MF	M-F	male	28	NA	female	NA	NA	too small sample size for identifying upper threshold (may be 29 or 30  degrees Celsius)	[33]	NA	NA	NA	NA	NA	NA	VB, ROSIE, Tree of Sex database	[383]	Graptemys_pulchra
hsdA1.805	Reptilia	Testudines	Emydidae	Graptemys	Graptemys versa	NA	NA	NA	NA	NA	NA	NA	NA	MF ?	M?-F?	male?	30?	NA	female?	32?	NA	too small sample sizes (5,7,8 at 25,30,32  degrees Celsiusrespectively	[82]	NA	NA	NA	NA	NA	NA	VB, ROSIE, Tree of Sex database	[383]	Graptemys_versa
hsdA1.806	Reptilia	Testudines	Emydidae	Malaclemys	Malaclemys terrapin	NA	NA	NA	NA	NA	NA	NA	NA	MF	M-F	male	25.87	even	female	30.22	NA	thresholds estimated from ROSIE with tsd {embryogrowth} in R	[187]	NA	NA	NA	NA	NA	NA	VB, ROSIE, Tree of Sex database	[383]	Malaclemys_terrapin
hsdA1.807	Reptilia	Testudines	Emydidae	Pseudemys	Pseudemys concinna	NA	NA	NA	NA	NA	NA	NA	NA	MF	M-F	male	28	NA	female	29	NA	NA	[80]	NA	NA	NA	NA	NA	NA	EN, VB, ROSIE, Tree of Sex database	[383]	Pseudemys_concinna
hsdA1.808	Reptilia	Testudines	Emydidae	Pseudemys	Pseudemys floridana	NA	NA	NA	NA	NA	NA	NA	NA	MF	M-F	male	28	NA	female	29	NA	NA	[80]	NA	NA	NA	NA	NA	NA	EN, VB, ROSIE, Tree of Sex database	[383]	Pseudemys_floridana
hsdA1.809	Reptilia	Testudines	Emydidae	Pseudemys	Pseudemys nelsoni	NA	NA	NA	NA	NA	NA	NA	NA	MF ?	M?-F?	male?	NA	NA	female?	NA	NA	MF pattern apparent, but sample sizes are small and/or sex biases not significant	[80]	NA	NA	NA	NA	NA	NA	EN, VB, ROSIE, Tree of Sex database	[383]	Pseudemys_nelsoni
hsdA1.810	Reptilia	Testudines	Emydidae	Pseudemys	Pseudemys peninsularis	NA	NA	NA	NA	NA	NA	NA	NA	TSD uncertain	TSD uncertain	male?	NA	NA	female?	NA	NA	"Uncertainty about species (according to Tree of Sex, this species is reported as """"P. floridana from Florida"""" in Ewert & Nelson 1991). Extremely small sample sizes (n=4 ) for 2 temperatures only."	[79]	NA	NA	NA	NA	NA	NA	VB, Tree of Sex database	[383]	Pseudemys_peninsularis
hsdA1.811	Reptilia	Testudines	Emydidae	Pseudemys	Pseudemys texana	NA	NA	NA	NA	NA	NA	NA	NA	MF ?	M?-F?	male?	28	even?	female?	NA	NA	Extremely small sample sizes (N=3-5 for each of 3 temperatures)	[80]	NA	NA	NA	NA	NA	NA	EN, VB, ROSIE, Tree of Sex database	[383]	Pseudemys_texana
hsdA1.812	Reptilia	Testudines	Emydidae	Terrapene	Terrapene carolina	NA	NA	NA	NA	NA	NA	NA	NA	MF	M-F	male	28	NA	female	29	NA	Temperature thresholds may differ between populations.	[187]	NA	NA	NA	NA	NA	NA	EN, VB, ROSIE, Tree of Sex database	[383]	Terrapene_carolina
hsdA1.813	Reptilia	Testudines	Emydidae	Terrapene	Terrapene coahuila	NA	NA	NA	NA	NA	NA	NA	NA	MF ?	M?-F?	male?	27?	NA	female?	28?	NA	"the only available info is: """"28 degrees Celsius produces females and 26-27 degrees Celsius produce males"""" (no sample sizes)"	[141]	NA	NA	NA	NA	NA	NA	VB, Tree of Sex database	[383]	Terrapene_coahuila
hsdA1.814	Reptilia	Testudines	Emydidae	Terrapene	Terrapene ornata	NA	NA	NA	NA	NA	NA	NA	NA	MF	M-F	male	NA	NA	female	NA	NA	sample sizes too small for threshold identification	[187]	NA	NA	NA	NA	NA	NA	VB, ROSIE, Tree of Sex database	[383]	Terrapene_ornata
hsdA1.815	Reptilia	Testudines	Emydidae	Trachemys	Trachemys callirostris	NA	NA	NA	NA	NA	NA	NA	NA	MF ?	E?-F?	even?	28.5	NA	female?	30	NA	source in ROSIE is personal communication; some nests may have been collected after TSP began	[187]	NA	NA	NA	NA	NA	NA	VB, ROSIE	[383]	Trachemys_callirostris
hsdA1.816	Reptilia	Testudines	Emydidae	Trachemys	Trachemys decorata	NA	NA	NA	NA	NA	NA	NA	NA	MF ?	M?-F?	male?	NA	even	female?	NA	NA	Sample sizes were too small (<10 for each of 6 temperatures 24-32 degrees Celsius)	[80]	NA	NA	NA	NA	NA	NA	EN, VB, ROSIE, Tree of Sex database	[383]	Trachemys_decorata
hsdA1.817	Reptilia	Testudines	Emydidae	Trachemys	Trachemys scripta	NA	NA	NA	NA	NA	NA	NA	NA	MF	M-F	male	28	NA	female	29.5	NA	TRT thresholds from Carter et al. (2016) https://doi.org/10.1111/1365-2435.12801	[187]	NA	NA	NA	NA	NA	NA	EN, VB, ROSIE, Tree of Sex database	[383]	Trachemys_scripta
hsdA1.818	Reptilia	Testudines	Emydidae	Trachemys	Trachemys venusta	NA	NA	NA	NA	NA	NA	NA	NA	MF	M-F	male	25.76	even	female	28.99	NA	thresholds estimated from ROSIE with tsd {embryogrowth} in R	[187]	NA	NA	NA	NA	NA	NA	VB, ROSIE, Tree of Sex database	[383]	Trachemys_venusta
hsdA1.819	Reptilia	Testudines	Geoemydidae	Batagur	Batagur affinis	NA	NA	NA	NA	NA	NA	NA	NA	MF ?	M?-F?	male?	27	NA	female?	31	NA	sample sizes not available	[187]	NA	NA	NA	NA	NA	NA	VB, ROSIE	[383]	Batagur_affinis
hsdA1.820	Reptilia	Testudines	Geoemydidae	Batagur	Batagur baska	NA	NA	NA	NA	NA	NA	NA	NA	MF ?	M-F?	male	27	NA	female?	30	NA	n=5 at 30 degrees Celsius (1m:4f)	[187]	NA	NA	NA	NA	NA	NA	VB, ROSIE	[383]	Batagur_baska
hsdA1.821	Reptilia	Testudines	Geoemydidae	Batagur	Batagur borneoensis	NA	NA	NA	NA	NA	NA	NA	NA	MF ?	M?-F?	male?	29	even?	female?	31	NA	sample sizes not available	[187]	NA	NA	NA	NA	NA	NA	VB, ROSIE	[383]	Batagur_borneoensis
hsdA1.822	Reptilia	Testudines	Geoemydidae	Cuora	Cuora flavomarginata	NA	NA	NA	NA	NA	NA	NA	NA	MF ?	M?-F?	male?	27	even?	female?	30	NA	publication cited in ROISE is a newsletter, not accessible	[187]	NA	NA	NA	NA	NA	NA	VB, ROSIE	[383]	Cuora_flavomarginata
hsdA1.823	Reptilia	Testudines	Geoemydidae	Cuora	Cuora trifasciata	Cyclemys trifasciata	NA	NA	NA	NA	NA	NA	NA	MF ?	M?-F?	male?	26	even?	female?	29.6	NA	citation is a patent, sample sizes unclear	[205]	NA	NA	NA	NA	NA	NA	VB, ROSIE	[383]	Cuora_trifasciata
hsdA1.824	Reptilia	Testudines	Geoemydidae	Cuora	Cuora zhoui	NA	NA	NA	NA	NA	NA	NA	NA	TSD uncertain	TSD uncertain	NA	NA	NA	NA	NA	NA	the only info given in ROISE is that 27 degrees Celsius produces 100% females; citation not available	[187]	NA	NA	NA	NA	NA	NA	VB, ROSIE	[383]	Cuora_zhoui
hsdA1.825	Reptilia	Testudines	Geoemydidae	Heosemys	Heosemys grandis	NA	NA	NA	NA	NA	NA	NA	NA	FMF	F-M-F	female	25	male	female	30	NA	N=10-13 / temperature	[82]	NA	NA	NA	NA	NA	NA	VB, ROSIE, Tree of Sex database	[383]	Heosemys_grandis
hsdA1.826	Reptilia	Testudines	Geoemydidae	Mauremys	Mauremys annamensis	NA	NA	NA	NA	NA	NA	NA	NA	MF	M-F	male	28?	NA	female	29?	NA	N=3-11 / 6 temperatures (24-30 degrees Celsius). Significant bias at 24-25 degrees Celsius (males) and 30 degrees Celsius (females).	[80]	NA	NA	NA	NA	NA	NA	EN, VB, ROSIE, Tree of Sex database	[383]	Mauremys_annamensis
hsdA1.827	Reptilia	Testudines	Geoemydidae	Mauremys	Mauremys japonica	NA	NA	NA	NA	NA	NA	NA	NA	MF	M-F	male	27.85	even	female	29.82	NA	thresholds estimated from ROSIE with tsd {embryogrowth} in R	[379]	NA	NA	NA	NA	NA	NA	VB, ROSIE, Tree of Sex database	[383]	Mauremys_japonica
hsdA1.828	Reptilia	Testudines	Geoemydidae	Mauremys	Mauremys mutica	NA	NA	NA	NA	NA	NA	NA	NA	MF	M-F	male	26	even	female	30	NA	NA	[187]	NA	NA	NA	NA	NA	NA	VB, ROSIE, Tree of Sex database	[383]	Mauremys_mutica
hsdA1.829	Reptilia	Testudines	Geoemydidae	Mauremys	Mauremys nigricans	NA	NA	NA	NA	NA	NA	NA	NA	MF ?	M?-F?	male?	NA	NA	female?	NA	NA	extremely small sample sizes (N=4,3,1 at 25,27,30  degrees Celsius, respectively)	[80]	NA	NA	NA	NA	NA	NA	VB, ROSIE, Tree of Sex database	[383]	Mauremys_nigricans
hsdA1.830	Reptilia	Testudines	Geoemydidae	Mauremys	Mauremys reevesii	NA	NA	NA	NA	NA	NA	NA	NA	MF	M-F	male	26	even	female	30	NA	NA	[187]	NA	NA	NA	NA	NA	NA	VB, ROSIE, Tree of Sex database	[383]	Mauremys_reevesii
hsdA1.831	Reptilia	Testudines	Geoemydidae	Mauremys	Mauremys sinensis	Ocadia sinensis	NA	NA	NA	NA	NA	NA	NA	MF	M-F	male	28	NA	female	30	NA	NA	[72]	NA	NA	NA	NA	NA	NA	VB, ROSIE	[383]	Mauremys_sinensis
hsdA1.832	Reptilia	Testudines	Geoemydidae	Melanochelys	Melanochelys trijuga	NA	NA	NA	NA	NA	NA	NA	NA	FMF ?	F-E-F	female	25	even	female	29	NA	Slight male bias at 26-28 degrees Celsius but not significant.	[80]	NA	NA	NA	NA	NA	NA	EN, VB, ROSIE, Tree of Sex database	[383]	Melanochelys_trijuga
hsdA1.834	Reptilia	Testudines	Geoemydidae	Rhinoclemmys	Rhinoclemmys areolata	NA	NA	NA	NA	NA	NA	NA	NA	FMF ?	F?-M?-F?	female?	NA	male?	female?	NA	NA	Very small sample sizes: N=5-8 for each of 7 temperatures.	[80]	NA	NA	NA	NA	NA	NA	EN, VB, ROSIE, Tree of Sex database	[383]	Rhinoclemmys_areolata
hsdA1.835	Reptilia	Testudines	Geoemydidae	Rhinoclemmys	Rhinoclemmys pulcherrima	NA	NA	NA	NA	NA	NA	NA	NA	MF ?	M-F?	male	NA	NA	female?	NA	NA	24-27 degrees Celsius produced male excess (N=6-14); at 30 degrees Celsius 2m:6f	[79]	NA	NA	NA	NA	NA	NA	EN, VB, ROSIE, Tree of Sex database	[383]	Rhinoclemmys_pulcherrima
hsdA1.837	Reptilia	Testudines	Kinosternidae	Kinosternon	Kinosternon acutum	NA	NA	NA	NA	NA	NA	NA	NA	TSD uncertain	TSD uncertain	NA	NA	NA	NA	NA	NA	original data (conference publication) inaccessible	[155]	NA	NA	NA	NA	NA	NA	VB, ROSIE, Tree of Sex database	[383]	Kinosternon_acutum
hsdA1.838	Reptilia	Testudines	Kinosternidae	Kinosternon	Kinosternon alamosae	NA	NA	NA	NA	NA	NA	NA	NA	MF ?	M?-F?	male?	NA	even?	female?	NA	NA	6 temperatures (22.5-30 degrees Celsius) were tested with very small sample sizes (2-7)	[80]	NA	NA	NA	NA	NA	NA	VB, ROSIE, Tree of Sex database	[383]	Kinosternon_alamosae
hsdA1.839	Reptilia	Testudines	Kinosternidae	Kinosternon	Kinosternon baurii	NA	NA	NA	NA	NA	NA	NA	NA	FMF ?	F?-M-F	female?	21.5	male	female	28	NA	thresholds differ between 2 populations, only one of them shows female bias (marginally significant) at low temperature (even sex ratios at 22.5  degrees Celsius in both populations)	[80]	NA	NA	NA	NA	NA	NA	EN, VB, ROSIE, Tree of Sex database	[383]	Kinosternon_baurii
hsdA1.840	Reptilia	Testudines	Kinosternidae	Kinosternon	Kinosternon creaseri	NA	NA	NA	NA	NA	NA	NA	NA	FMF ?	F-E-F	female	NA	even?	female	NA	NA	Sample sizes too low; 64.2% males at 26 degrees Celsius did not differ significantly from 1:1 (14:9)	[80]	NA	NA	NA	NA	NA	NA	EN, VB, ROSIE, Tree of Sex database	[383]	Kinosternon_creaseri
hsdA1.841	Reptilia	Testudines	Kinosternidae	Kinosternon	Kinosternon flavescens	NA	NA	NA	NA	NA	NA	NA	NA	MF	M-F	male	28	NA	female	29	NA	NA	[187]	NA	NA	NA	NA	NA	NA	EN, VB, ROSIE, Tree of Sex database	[383]	Kinosternon_flavescens
hsdA1.842	Reptilia	Testudines	Kinosternidae	Kinosternon	Kinosternon hirtipes	NA	NA	NA	NA	NA	NA	NA	NA	MF ?	M?-F?	male?	27	NA	female?	30	NA	Minimum temperature studied was 22.5 degrees Celsius, this produced 100% males, but sample size was very low (n=6-9/treatment).	[80]	NA	NA	NA	NA	NA	NA	EN, VB, ROSIE, Tree of Sex database	[383]	Kinosternon_hirtipes
hsdA1.843	Reptilia	Testudines	Kinosternidae	Kinosternon	Kinosternon leucostomum	NA	NA	NA	NA	NA	NA	NA	NA	FMF ?	F?-M-F	female?	22.5?	male	female	29	NA	Very small samples <25 degrees Celsius (1m:2f at 24 degrees Celsius, 1m:6f + 1 intersex at 22.5 degrees Celsius). Could be FMF, EMF, or MF.	[187]	NA	NA	NA	NA	NA	NA	EN, VB, ROSIE, Tree of Sex database	[383]	Kinosternon_leucostomum
hsdA1.844	Reptilia	Testudines	Kinosternidae	Kinosternon	Kinosternon scorpioides	NA	NA	NA	NA	NA	NA	NA	NA	FMF ?	F?-M-F	female?	22.5?	male	female	28	NA	Contradictory results at 22.5 degrees Celsius: either female bias or even sex ratio. Could be FMF or EMF.	[187]	NA	NA	NA	NA	NA	NA	EN, VB, ROSIE, Tree of Sex database	[383]	Kinosternon_scorpioides
hsdA1.845	Reptilia	Testudines	Kinosternidae	Kinosternon	Kinosternon sonoriense	NA	NA	NA	NA	NA	NA	NA	NA	MF	M-F	male	27	NA	female	29	NA	Minimum temperature studied was 22.5 degrees Celsius, this produced obvious male excess.	[80]	NA	NA	NA	NA	NA	NA	EN, VB, ROSIE, Tree of Sex database	[383]	Kinosternon_sonoriense
hsdA1.846	Reptilia	Testudines	Kinosternidae	Kinosternon	Kinosternon stejnegeri	Kinosternon arizonense	NA	NA	NA	NA	NA	NA	NA	FMF	F-M-F	female	26	male	female	30?	NA	Small sample sizes at high temperatures (31-32 degrees Celsius).	[187]	NA	NA	NA	NA	NA	NA	EN, VB, ROSIE, Tree of Sex database	[383]	Kinosternon_stejnegeri
hsdA1.847	Reptilia	Testudines	Kinosternidae	Kinosternon	Kinosternon subrubrum	NA	NA	NA	NA	NA	NA	NA	NA	FMF ?	F?-M-F	female/male	22.5	male	female	29	NA	Subspecies subrubrum appears MF (Ia), subspecies hippocrepis appears FMF (II).	[187]	NA	NA	NA	NA	NA	NA	EN, VB, ROSIE, Tree of Sex database	[383]	Kinosternon_subrubrum
hsdA1.848	Reptilia	Testudines	Kinosternidae	Staurotypus	Staurotypus salvinii	NA	XX/XY	identified	NA	NA	NA	NA	[79]	TSD uncertain	TSD uncertain	NA	NA	NA	NA	NA	NA	Temperature effect on sex ratios was N.S. and controversial, possibly stemming from temperature changes during the experiment and small sample size.	[79]	NA	NA	NA	NA	NA	Tree of Sex database	EN, VB	[383]	Staurotypus_salvinii
hsdA1.850	Reptilia	Testudines	Kinosternidae	Sternotherus	Sternotherus carinatus	NA	NA	NA	NA	NA	NA	NA	NA	FMF	F-M-F	female	NA	male	female	29	NA	Sample sizes were too small for identifying lower threshold.	[80]	NA	NA	NA	NA	NA	NA	EN, VB, ROSIE, Tree of Sex database	[383]	Sternotherus_carinatus
hsdA1.851	Reptilia	Testudines	Kinosternidae	Sternotherus	Sternotherus minor	NA	NA	NA	NA	NA	NA	NA	NA	FMF	F-M-F	female	24	male	female	27	NA	NA	[80]	NA	NA	NA	NA	NA	NA	EN, VB, ROSIE, Tree of Sex database	[383]	Sternotherus_minor
hsdA1.852	Reptilia	Testudines	Kinosternidae	Sternotherus	Sternotherus odoratus	NA	NA	NA	NA	NA	NA	NA	NA	FMF	F-M-F	female	24	male	female	27	NA	NA	[187]	NA	NA	NA	NA	NA	NA	EN, VB, ROSIE, Tree of Sex database	[383]	Sternotherus_odoratus
hsdA1.853	Reptilia	Testudines	Pelomedusidae	Pelomedusa	Pelomedusa subrufa	NA	NA	NA	NA	NA	NA	NA	NA	FMF	F-M-F	female	29	male	female	33	NA	NA	[80]	NA	NA	NA	NA	NA	NA	EN, VB, ROSIE, Tree of Sex database	[383]	Pelomedusa_subrufa
hsdA1.854	Reptilia	Testudines	Pelomedusidae	Pelusios	Pelusios broadleyi	NA	NA	NA	NA	NA	NA	NA	NA	TSD uncertain	TSD uncertain	NA	NA	NA	NA	NA	NA	FMF pattern is suggested but sample sizes unavailable, source is personal communication cited in ROSIE	[187]	NA	NA	NA	NA	NA	NA	VB, ROSIE	[383]	Pelusios_broadleyi
hsdA1.855	Reptilia	Testudines	Pelomedusidae	Pelusios	Pelusios castaneus	NA	NA	NA	NA	NA	NA	NA	NA	FMF ?	F-M-F?	female	27?	male	female?	33?	NA	Small sample sizes and only 4 temperatures. All-females at high temperature (33 degrees Celsius) is only supported by n=5 sample.	[79]	NA	NA	NA	NA	NA	NA	EN, VB, ROSIE, Tree of Sex database	[383]	Pelusios_castaneus
hsdA1.856	Reptilia	Testudines	Podocnemididae	Peltocephalus	Peltocephalus dumerilianus	NA	NA	NA	NA	NA	NA	NA	NA	TSD uncertain	TSD uncertain	NA	NA	NA	NA	NA	NA	the only info available is that a single temperature yielded male-biased sex ratio	[58]	NA	NA	NA	NA	NA	NA	VB, ROSIE	[383]	Peltocephalus_dumerilianus
hsdA1.857	Reptilia	Testudines	Podocnemididae	Podocnemis	Podocnemis erythrocephala	NA	NA	NA	NA	NA	NA	NA	NA	MF ?	M-E	male	NA	even	NA	NA	NA	only 2 temperatures; at 27.5 degrees Celsius 25m:0f, at 29.8 degrees Celsius 11m:19f	[187]	NA	NA	NA	NA	NA	NA	VB, ROSIE, Tree of Sex database	[383]	Podocnemis_erythrocephala
hsdA1.858	Reptilia	Testudines	Podocnemididae	Podocnemis	Podocnemis expansa	NA	NA	NA	NA	NA	NA	NA	NA	MF	M-F	male	31	even	female	34.5	NA	NA	[187]	NA	NA	NA	NA	NA	NA	VB, ROSIE, Tree of Sex database	[383]	Podocnemis_expansa
hsdA1.859	Reptilia	Testudines	Podocnemididae	Podocnemis	Podocnemis lewyana	NA	NA	NA	NA	NA	NA	NA	NA	MF	M-F	male	32	even	female	34.5	NA	thresholds averaged for 2 populations from Gallego-Garcia & Paez (2016) http://dx.doi.org/10.1670/14-139	[187]	NA	NA	NA	NA	NA	NA	VB, ROSIE, Tree of Sex database	[383]	Podocnemis_lewyana
hsdA1.860	Reptilia	Testudines	Podocnemididae	Podocnemis	Podocnemis sextuberculata	NA	NA	NA	NA	NA	NA	NA	NA	MF	M-F	male	31.9?	NA	female	32?	NA	NA	[187]	NA	NA	NA	NA	NA	NA	VB, ROSIE, Tree of Sex database	[383]	Podocnemis_sextuberculata
hsdA1.861	Reptilia	Testudines	Podocnemididae	Podocnemis	Podocnemis unifilis	NA	NA	NA	NA	NA	NA	NA	NA	MF	M-F	male	29	even	female	33	NA	NA	[187]	NA	NA	NA	NA	NA	NA	VB, ROSIE, Tree of Sex database	[383]	Podocnemis_unifilis
hsdA1.862	Reptilia	Testudines	Testudinidae	Aldabrachelys	Aldabrachelys gigantea	Aldabrachelys dussumieri; Geochelone gigantea	NA	NA	NA	NA	NA	NA	NA	TSD uncertain	TSD uncertain	NA	NA	NA	NA	NA	NA	A single temperature range (ca. 30 degrees Celsius) in captive breeding program produces female bias (21%). No other info; the source cited in Tree of Sex seems erroneous. 	[187]	NA	NA	NA	NA	NA	NA	VB, ROSIE, Tree of Sex database	[383]	Aldabrachelys_gigantea
hsdA1.863	Reptilia	Testudines	Testudinidae	Astrochelys	Astrochelys radiata	NA	NA	NA	NA	NA	NA	NA	NA	TSD uncertain	TSD uncertain	NA	NA	NA	NA	NA	NA	92% females at 28.9 degrees Celsius and all females at 30 degrees Celsius	[189]	NA	NA	NA	NA	NA	NA	VB, ROSIE	[383]	Astrochelys_radiata
hsdA1.864	Reptilia	Testudines	Testudinidae	Centrochelys	Centrochelys sulcata	Geochelone sulcata	NA	NA	NA	NA	NA	NA	NA	MF	M-F	male	30.5	NA	female?	31.5	NA	NA	[208]	NA	NA	NA	NA	NA	NA	VB, ROSIE	[383]	Centrochelys_sulcata
hsdA1.865	Reptilia	Testudines	Testudinidae	Chelonoidis	Chelonoidis carbonarius	NA	NA	NA	NA	NA	NA	NA	NA	MF	M-F	male	24.3	even	female	27.9	NA	N=7-10 / temperature	[94], [135]	NA	NA	NA	NA	NA	NA	VB, ROSIE	[383]	Chelonoidis_carbonarius
hsdA1.866	Reptilia	Testudines	Testudinidae	Chelonoidis	Chelonoidis niger	Geochelone elephantopus; Chelonoidis hoodensis	NA	NA	NA	NA	NA	NA	NA	MF	M-F	male	25.5	NA	female	29.5	NA	only 2 temperatures tested	[187]	NA	NA	NA	NA	NA	NA	VB, ROSIE, Tree of Sex database	[383]	Chelonoidis_niger
hsdA1.867	Reptilia	Testudines	Testudinidae	Geochelone	Geochelone elegans	NA	NA	NA	NA	NA	NA	NA	NA	MF ?	M?-F?	male?	30.5?	NA	female?	31	NA	only breeder information available: https://startortoises.net/incubation.html	[187]	NA	NA	NA	NA	NA	NA	VB, ROSIE	[383]	Geochelone_elegans
hsdA1.868	Reptilia	Testudines	Testudinidae	Geochelone	Geochelone platynota	NA	NA	NA	NA	NA	NA	NA	NA	MF ?	M?-F?	male?	30.5?	NA	female?	31	NA	only breeder information available: https://startortoises.net/incubation.html	[187]	NA	NA	NA	NA	NA	NA	VB, ROSIE	[383]	Geochelone_platynota
hsdA1.869	Reptilia	Testudines	Testudinidae	Gopherus	Gopherus agassizii	NA	NA	NA	NA	NA	NA	NA	NA	MF	M-F	male	30.6	even	female	32.8	NA	NA	[187]	NA	NA	NA	NA	NA	NA	VB, ROSIE, Tree of Sex database	[383]	Gopherus_agassizii
hsdA1.870	Reptilia	Testudines	Testudinidae	Gopherus	Gopherus polyphemus	NA	NA	NA	NA	NA	NA	NA	NA	MF	M-F	male	28?	even	female	31	NA	NA	[187]	NA	NA	NA	NA	NA	NA	VB, ROSIE, Tree of Sex database	[383]	Gopherus_polyphemus
hsdA1.871	Reptilia	Testudines	Testudinidae	Malacochersus	Malacochersus tornieri	NA	NA	NA	NA	NA	NA	NA	NA	MF	M-F	male	29?	even?	female	32?	NA	small sample sizes (5-13/temperature) across 5 temperatures, significant bias at 29 and 32  degrees Celsius	[81]	NA	NA	NA	NA	NA	NA	VB, ROSIE, Tree of Sex database	[383]	Malacochersus_tornieri
hsdA1.872	Reptilia	Testudines	Testudinidae	Manouria	Manouria emys	Manouria emys emys	NA	NA	NA	NA	NA	NA	NA	MF ?	M?-F?	male?	27.18?	NA	female?	28.89?	NA	extremely small sample sizes (3-5/temperature)	[77]	NA	NA	NA	NA	NA	NA	VB, ROSIE	[383]	Manouria_emys
hsdA1.873	Reptilia	Testudines	Testudinidae	Pyxis	Pyxis planicauda	NA	NA	NA	NA	NA	NA	NA	NA	MF ?	M?-F?	male?	NA	NA	female?	NA	NA	breeding program appears to show MF pattern, but sample sizes are very small and thresholds cannot be estimated	[187]	NA	NA	NA	NA	NA	NA	VB, ROSIE	[383]	Pyxis_planicauda
hsdA1.874	Reptilia	Testudines	Testudinidae	Stigmochelys	Stigmochelys pardalis	NA	NA	NA	NA	NA	NA	NA	NA	TSD uncertain	TSD uncertain	NA	NA	NA	NA	NA	NA	breeding program produced female bias at 29.4 degrees Celsius but the rest of the data are unclear & inaccessible	[187]	NA	NA	NA	NA	NA	NA	VB, ROSIE	[383]	Stigmochelys_pardalis
hsdA1.875	Reptilia	Testudines	Testudinidae	Testudo	Testudo graeca	NA	NA	NA	NA	NA	NA	NA	NA	MF	M-F	male	30	NA	female	31.5	NA	NA	[187]	NA	NA	NA	NA	NA	NA	VB, ROSIE, Tree of Sex database	[383]	Testudo_graeca
hsdA1.876	Reptilia	Testudines	Testudinidae	Testudo	Testudo hermanni	Eurotestudo hermanni boettgeri	NA	NA	NA	NA	NA	NA	NA	MF	M-F	male	31	even	female	32	NA	NA	[187]	NA	NA	NA	NA	NA	NA	VB, ROSIE, Tree of Sex database	[383]	Testudo_hermanni
hsdA1.880	Reptilia	Testudines	Trionychidae	Chitra	Chitra chitra	NA	NA	NA	NA	NA	NA	NA	NA	TSD uncertain	TSD uncertain	NA	NA	NA	NA	NA	NA	male bias in captive-bred juveniles that died during rearing	[188]	NA	NA	NA	NA	NA	NA	VB, ROSIE	[383]	Chitra_chitra
